{
    "n_total": 180001,
    "n_train": 202815,
    "n_test": 36001,
    "n_features": 40,
    "split_time_utc": "2026-02-28 05:48:00+00:00",
    "low_failure_mode": 0,
    "total_critical": 13493,
    "total_warning": 136878,
    "health_train_mae": 0.2416364143896495,
    "health_train_rmse": 0.36980920737138384,
    "health_train_r2": 0.9996797751064256,
    "health_train_adj_r2": 0.9996797119375985,
    "health_test_mae": 1.1489194509203404,
    "health_test_rmse": 1.679162772603771,
    "health_test_r2": 0.9926270239672184,
    "health_test_adj_r2": 0.9926188226590618,
    "rul_train_mae": 9.854366944021395,
    "rul_train_rmse": 14.814978858013372,
    "rul_train_r2": 0.9992109044140091,
    "rul_train_adj_r2": 0.9992107487538976,
    "rul_test_mae": 42.45330098941431,
    "rul_test_rmse": 66.43115959706756,
    "rul_test_r2": 0.9809652610329733,
    "rul_test_adj_r2": 0.9809440877971924,
    "segment_normal_n": 8531,
    "segment_normal_health_mae": 1.0518784703312702,
    "segment_normal_rul_mae": 31.047431054423033,
    "segment_normal_health_r2": 0.9608389301740711,
    "segment_normal_rul_r2": 0.9087932589460628,
    "segment_warning_n": 27470,
    "segment_warning_health_mae": 1.179056203938373,
    "segment_warning_rul_mae": 45.99547341079802,
    "segment_warning_health_r2": 0.9924947621441461,
    "segment_warning_rul_r2": 0.9803052263786854,
    "segment_critical_n": 0,
    "health_cv_folds": 3,
    "health_cv_mae_mean": 2.8612080534273194,
    "health_cv_mae_std": 1.067792770312913,
    "health_cv_rmse_mean": 3.9107393291635133,
    "health_cv_rmse_std": 1.5051918237275435,
    "health_cv_r2_mean": 0.9567058117016934,
    "health_cv_r2_std": 0.034385267720519155,
    "rul_cv_folds": 3,
    "rul_cv_mae_mean": 0.08562037053262044,
    "rul_cv_mae_std": 0.028967073147132823,
    "rul_cv_rmse_mean": 0.16873221380461823,
    "rul_cv_rmse_std": 0.07055013580200217,
    "rul_cv_r2_mean": 0.9067444527962305,
    "rul_cv_r2_std": 0.08254605715977467
}